"Marca temporal","Nombre del cliente","Motivo del cambio","Fecha del cambio","Descripción del cambio","Si se ha producido un error en el sistema, describa las condiciones del entorno en las que ha ocurrido el error","Gravedad del cambio/error (1 más baja, 5 más alta)","Añade una captura de pantalla para ilustrar el problema","Justificación del cambio","Comentarios adicionales"
"2020/04/19 11:03:06 a. m. GMT","Mario","Añadir funcionalidad","2020-03-31","Permitir a los clientes valorar productos/menus/submenus con una escala de 5 estrellas y dejar comentarios.","","2","","Ayudará a los clientes a elegir mejor los productos y mejorar nuestro servicio",""
"2020/04/19 11:10:53 a. m. GMT","Mario","Añadir funcionalidad","2020-04-14","Aprovechar la informacion de los pedidos de los clientes usando tecnicas de aprendizage automatico para segmentar los clientes segun sus preferencias, expresadas en los pedidos y sus valoraciones o comentarios.","","3","","Esta funcionalidad facilita al usuario encontrar nuevos productos que le interesen.","Se podría usar un algoritmo de clustering"
"2020/04/19 11:19:57 a. m. GMT","Mario","Modificar funcionalidad implementada","2020-04-14","Arrelgar un problema al introducir el NIF y el numero de telefono, ya que dice que no se puede poner letra en el campo del NIF, y en el telefono pone que debe acabar con una letra","Durante el formulario de introducción de información del servicio del repartidor, una vez que ya esta registrado","5","","Es necesario puesto que impide la introducción de campos básicos para el repartidor",""
"2020/04/19 11:29:55 a. m. GMT","Mario","Añadir funcionalidad","2020-04-22","Obtener un listado que permita comprobar por cada restaurante, el total que ha
facturado en el mes (total de sus pedidos) y el total que ha cobrado la
empresa propietaria de CometeloToo por la aplicación del 30% de
comisión sobre dicho total.","","3","","Análisis de estadisticas","Estos datos se pueden obtener del periodo de liquidación mensual"